{
  "all": {
    "Фруктовый мусс": 4,
    "Тархун": 1,
    "Гранатовый сок": 4,
    "Тропический коктейль": 1,
    "Энергетик с яблоком и киви": 5,
    "Энергетик с манго": 5,
    "Энергетик с вишней": 5,
    "Фруктовое драже(скитлс)": 5,
    "Ice Lychee": 6,
    "Mix Tropic": 6,
    "Apple Passion Fruit": 5,
    "Mix Wild Berries Red Bull": 6,
    "Lime Bubble Gum": 6,
    "Rought Wine": 6,
    "Drunk Harvest": 6,
    "Fresh Truck": 5
  },
  "Count": 0
}